-- MySQL dump 10.13  Distrib 8.0.21, for Win64 (x86_64)
--
-- Host: localhost    Database: dbempresa
-- ------------------------------------------------------
-- Server version	8.0.21

/*!40101 SET @OLD_CHARACTER_SET_CLIENT=@@CHARACTER_SET_CLIENT */;
/*!40101 SET @OLD_CHARACTER_SET_RESULTS=@@CHARACTER_SET_RESULTS */;
/*!40101 SET @OLD_COLLATION_CONNECTION=@@COLLATION_CONNECTION */;
/*!50503 SET NAMES utf8 */;
/*!40103 SET @OLD_TIME_ZONE=@@TIME_ZONE */;
/*!40103 SET TIME_ZONE='+00:00' */;
/*!40014 SET @OLD_UNIQUE_CHECKS=@@UNIQUE_CHECKS, UNIQUE_CHECKS=0 */;
/*!40014 SET @OLD_FOREIGN_KEY_CHECKS=@@FOREIGN_KEY_CHECKS, FOREIGN_KEY_CHECKS=0 */;
/*!40101 SET @OLD_SQL_MODE=@@SQL_MODE, SQL_MODE='NO_AUTO_VALUE_ON_ZERO' */;
/*!40111 SET @OLD_SQL_NOTES=@@SQL_NOTES, SQL_NOTES=0 */;

--
-- Table structure for table `clientes`
--

DROP TABLE IF EXISTS `clientes`;
/*!40101 SET @saved_cs_client     = @@character_set_client */;
/*!50503 SET character_set_client = utf8mb4 */;
CREATE TABLE `clientes` (
  `idCliente` int NOT NULL AUTO_INCREMENT,
  `nombres` varchar(45) DEFAULT NULL,
  `apellidos` varchar(45) DEFAULT NULL,
  `NIT` varchar(45) DEFAULT NULL,
  `genero` bit(1) DEFAULT NULL,
  `telefono` varchar(45) DEFAULT NULL,
  `correo_electronico` varchar(45) DEFAULT NULL,
  `fechaingreso` datetime DEFAULT NULL,
  PRIMARY KEY (`idCliente`)
) ENGINE=InnoDB AUTO_INCREMENT=9 DEFAULT CHARSET=utf8mb4 COLLATE=utf8mb4_0900_ai_ci;
/*!40101 SET character_set_client = @saved_cs_client */;

--
-- Dumping data for table `clientes`
--

LOCK TABLES `clientes` WRITE;
/*!40000 ALTER TABLE `clientes` DISABLE KEYS */;
INSERT INTO `clientes` VALUES (2,'Fernando','Caxaj','12345',_binary '\0','3354','fcaxajl@miumg.edu.gt','2020-10-02 00:00:00'),(4,'descarga.jpg','Marquez','12',_binary '\0','3354','fcaxajl@miumg.edu.gt','2020-11-10 00:00:00'),(5,'Javier','Tobar','1964632-1',_binary '\0','521271','javier@gmail.com','2020-11-11 00:00:00'),(6,'Andres','López','876545678-2',_binary '\0','1234543','fcaxajl@miumg.edu.gt','2020-11-17 00:00:00'),(7,'lucia','garcia','77777',_binary '','2345678','lkjvgn@ghj.com','2020-11-12 00:00:00'),(8,'Mayra','Lopez','1234',_binary '\0','737383','sdasd','2020-11-22 00:00:00');
/*!40000 ALTER TABLE `clientes` ENABLE KEYS */;
UNLOCK TABLES;

--
-- Table structure for table `compras`
--

DROP TABLE IF EXISTS `compras`;
/*!40101 SET @saved_cs_client     = @@character_set_client */;
/*!50503 SET character_set_client = utf8mb4 */;
CREATE TABLE `compras` (
  `idcompra` int NOT NULL AUTO_INCREMENT,
  `no_orden_compra` int DEFAULT NULL,
  `idproveedor` int DEFAULT NULL,
  `fecha_orden` date DEFAULT NULL,
  `fechaingreso` varchar(69) DEFAULT NULL,
  PRIMARY KEY (`idcompra`)
) ENGINE=InnoDB AUTO_INCREMENT=9 DEFAULT CHARSET=utf8mb4 COLLATE=utf8mb4_0900_ai_ci;
/*!40101 SET character_set_client = @saved_cs_client */;

--
-- Dumping data for table `compras`
--

LOCK TABLES `compras` WRITE;
/*!40000 ALTER TABLE `compras` DISABLE KEYS */;
INSERT INTO `compras` VALUES (1,1,2,'2020-11-26','Wed Nov 11 15:45:02 CST 2020'),(2,2,2,'2020-11-02','Wed Nov 11 16:11:35 CST 2020'),(3,3,3,'2020-11-04','Wed Nov 11 16:26:23 CST 2020'),(4,4,2,'2020-11-03','Wed Nov 11 16:29:38 CST 2020'),(5,5,3,'2020-11-02','Wed Nov 11 16:31:22 CST 2020'),(6,6,3,'2020-11-08','Wed Nov 11 16:33:58 CST 2020'),(7,7,3,'2020-11-03','Wed Nov 11 16:49:37 CST 2020'),(8,8,2,'2020-11-13','Wed Nov 11 16:51:42 CST 2020');
/*!40000 ALTER TABLE `compras` ENABLE KEYS */;
UNLOCK TABLES;

--
-- Table structure for table `compras_detalle`
--

DROP TABLE IF EXISTS `compras_detalle`;
/*!40101 SET @saved_cs_client     = @@character_set_client */;
/*!50503 SET character_set_client = utf8mb4 */;
CREATE TABLE `compras_detalle` (
  `idcompra_detalle` bigint NOT NULL AUTO_INCREMENT,
  `idcompra` int DEFAULT NULL,
  `producto` int DEFAULT NULL,
  `cantidad` int DEFAULT NULL,
  `precio_costo_unitario` decimal(8,2) DEFAULT NULL,
  PRIMARY KEY (`idcompra_detalle`)
) ENGINE=InnoDB AUTO_INCREMENT=12 DEFAULT CHARSET=utf8mb4 COLLATE=utf8mb4_0900_ai_ci;
/*!40101 SET character_set_client = @saved_cs_client */;

--
-- Dumping data for table `compras_detalle`
--

LOCK TABLES `compras_detalle` WRITE;
/*!40000 ALTER TABLE `compras_detalle` DISABLE KEYS */;
INSERT INTO `compras_detalle` VALUES (2,2,27,6,8.00),(3,3,27,7,8.00),(4,4,27,3,10.00),(5,4,29,10,0.04),(6,5,29,8,0.05),(7,5,29,4,0.05),(8,6,29,5,7.00),(9,7,29,5,13.00),(10,8,27,10,5.00),(11,8,29,8,7.00);
/*!40000 ALTER TABLE `compras_detalle` ENABLE KEYS */;
UNLOCK TABLES;

--
-- Table structure for table `empleados`
--

DROP TABLE IF EXISTS `empleados`;
/*!40101 SET @saved_cs_client     = @@character_set_client */;
/*!50503 SET character_set_client = utf8mb4 */;
CREATE TABLE `empleados` (
  `idEmpleado` int NOT NULL AUTO_INCREMENT,
  `nombres` varchar(60) DEFAULT NULL,
  `apellidos` varchar(60) DEFAULT NULL,
  `dirreccion` varchar(80) DEFAULT NULL,
  `telefono` varchar(25) DEFAULT NULL,
  `DPI` varchar(25) DEFAULT NULL,
  `genero` bit(1) DEFAULT NULL,
  `fecha_nacimiento` date DEFAULT NULL,
  `idPuesto` int DEFAULT NULL,
  `fecha_inicio_labores` date DEFAULT NULL,
  `fechaingreso` date DEFAULT NULL,
  PRIMARY KEY (`idEmpleado`)
) ENGINE=InnoDB AUTO_INCREMENT=4 DEFAULT CHARSET=utf8mb4 COLLATE=utf8mb4_0900_ai_ci;
/*!40101 SET character_set_client = @saved_cs_client */;

--
-- Dumping data for table `empleados`
--

LOCK TABLES `empleados` WRITE;
/*!40000 ALTER TABLE `empleados` DISABLE KEYS */;
INSERT INTO `empleados` VALUES (2,'Fernando','Caxaj','casablanca','53185325','2906041090301',NULL,'2020-10-01',2,'2020-10-01','2020-10-08'),(3,'Jose','Marquez','12','3354','196465454',NULL,'2020-10-02',1,'2020-10-08','2020-10-06');
/*!40000 ALTER TABLE `empleados` ENABLE KEYS */;
UNLOCK TABLES;

--
-- Table structure for table `marcas`
--

DROP TABLE IF EXISTS `marcas`;
/*!40101 SET @saved_cs_client     = @@character_set_client */;
/*!50503 SET character_set_client = utf8mb4 */;
CREATE TABLE `marcas` (
  `idmarca` smallint NOT NULL AUTO_INCREMENT,
  `marca` varchar(50) DEFAULT NULL,
  PRIMARY KEY (`idmarca`)
) ENGINE=InnoDB AUTO_INCREMENT=6 DEFAULT CHARSET=utf8mb4 COLLATE=utf8mb4_0900_ai_ci;
/*!40101 SET character_set_client = @saved_cs_client */;

--
-- Dumping data for table `marcas`
--

LOCK TABLES `marcas` WRITE;
/*!40000 ALTER TABLE `marcas` DISABLE KEYS */;
INSERT INTO `marcas` VALUES (1,'Cocacolas'),(2,'Pepsi'),(3,'Maggi');
/*!40000 ALTER TABLE `marcas` ENABLE KEYS */;
UNLOCK TABLES;

--
-- Table structure for table `menu`
--

DROP TABLE IF EXISTS `menu`;
/*!40101 SET @saved_cs_client     = @@character_set_client */;
/*!50503 SET character_set_client = utf8mb4 */;
CREATE TABLE `menu` (
  `id` int NOT NULL,
  `nombre` varchar(45) DEFAULT NULL,
  `Activo` tinyint DEFAULT NULL,
  `url` varchar(255) DEFAULT NULL,
  PRIMARY KEY (`id`),
  KEY `fk_padre_id` (`Activo`)
) ENGINE=InnoDB DEFAULT CHARSET=utf8mb4 COLLATE=utf8mb4_0900_ai_ci;
/*!40101 SET character_set_client = @saved_cs_client */;

--
-- Dumping data for table `menu`
--

LOCK TABLES `menu` WRITE;
/*!40000 ALTER TABLE `menu` DISABLE KEYS */;
INSERT INTO `menu` VALUES (1,'Productos',1,'productos.jsp'),(2,'Marcas',1,'marcas.jsp'),(3,'Empleados',1,'empleados.jsp'),(4,'Ventas',1,'VentasDetalle.jsp'),(5,'Puestos',1,'puestos.jsp'),(6,'Clientes',1,'clientes.jsp'),(7,'Proveedores',1,'proveedores.jsp'),(8,'Compras',1,'ComprasDetalle.jsp'),(9,'Usuarios',1,'usuarios.jsp'),(10,'Cerrar Sesion',1,'login.jsp');
/*!40000 ALTER TABLE `menu` ENABLE KEYS */;
UNLOCK TABLES;

--
-- Table structure for table `productos`
--

DROP TABLE IF EXISTS `productos`;
/*!40101 SET @saved_cs_client     = @@character_set_client */;
/*!50503 SET character_set_client = utf8mb4 */;
CREATE TABLE `productos` (
  `idProducto` int NOT NULL AUTO_INCREMENT,
  `producto` varchar(45) DEFAULT NULL,
  `idMarca` smallint DEFAULT NULL,
  `Descripcion` varchar(100) DEFAULT NULL,
  `Imagen` varchar(300) DEFAULT NULL,
  `precio_costo` decimal(8,2) DEFAULT NULL,
  `precio_venta` decimal(8,2) DEFAULT NULL,
  `existencia` int DEFAULT NULL,
  `fecha_ingreso` varchar(45) DEFAULT NULL,
  PRIMARY KEY (`idProducto`)
) ENGINE=InnoDB AUTO_INCREMENT=30 DEFAULT CHARSET=utf8mb4 COLLATE=utf8mb4_0900_ai_ci;
/*!40101 SET character_set_client = @saved_cs_client */;

--
-- Dumping data for table `productos`
--

LOCK TABLES `productos` WRITE;
/*!40000 ALTER TABLE `productos` DISABLE KEYS */;
INSERT INTO `productos` VALUES (27,'Coca lata',1,'bebida refrescante','DOGSPORTS.png',5.00,6.25,32,'2020-12-02'),(29,'chocolates',3,'Sopa sabor a pollo','DOG LOVER.png',7.00,8.75,44,'2020-11-13');
/*!40000 ALTER TABLE `productos` ENABLE KEYS */;
UNLOCK TABLES;

--
-- Table structure for table `proveedores`
--

DROP TABLE IF EXISTS `proveedores`;
/*!40101 SET @saved_cs_client     = @@character_set_client */;
/*!50503 SET character_set_client = utf8mb4 */;
CREATE TABLE `proveedores` (
  `idproveedor` int NOT NULL AUTO_INCREMENT,
  `proveedor` varchar(60) DEFAULT NULL,
  `nit` varchar(12) DEFAULT NULL,
  `direccion` varchar(80) DEFAULT NULL,
  `telefono` varchar(25) DEFAULT NULL,
  PRIMARY KEY (`idproveedor`)
) ENGINE=InnoDB AUTO_INCREMENT=4 DEFAULT CHARSET=utf8mb4 COLLATE=utf8mb4_0900_ai_ci;
/*!40101 SET character_set_client = @saved_cs_client */;

--
-- Dumping data for table `proveedores`
--

LOCK TABLES `proveedores` WRITE;
/*!40000 ALTER TABLE `proveedores` DISABLE KEYS */;
INSERT INTO `proveedores` VALUES (2,'coca','12345','casa','3354'),(3,'maggi','3232323','Guatemala','773974733');
/*!40000 ALTER TABLE `proveedores` ENABLE KEYS */;
UNLOCK TABLES;

--
-- Table structure for table `puestos`
--

DROP TABLE IF EXISTS `puestos`;
/*!40101 SET @saved_cs_client     = @@character_set_client */;
/*!50503 SET character_set_client = utf8mb4 */;
CREATE TABLE `puestos` (
  `idPuesto` smallint NOT NULL AUTO_INCREMENT,
  `puesto` varchar(45) DEFAULT NULL,
  PRIMARY KEY (`idPuesto`)
) ENGINE=InnoDB AUTO_INCREMENT=4 DEFAULT CHARSET=utf8mb4 COLLATE=utf8mb4_0900_ai_ci;
/*!40101 SET character_set_client = @saved_cs_client */;

--
-- Dumping data for table `puestos`
--

LOCK TABLES `puestos` WRITE;
/*!40000 ALTER TABLE `puestos` DISABLE KEYS */;
INSERT INTO `puestos` VALUES (1,'Gerente Principal'),(2,'Cajero');
/*!40000 ALTER TABLE `puestos` ENABLE KEYS */;
UNLOCK TABLES;

--
-- Table structure for table `tipo_usuario`
--

DROP TABLE IF EXISTS `tipo_usuario`;
/*!40101 SET @saved_cs_client     = @@character_set_client */;
/*!50503 SET character_set_client = utf8mb4 */;
CREATE TABLE `tipo_usuario` (
  `idtipo` int NOT NULL,
  `nombre` varchar(45) DEFAULT NULL,
  PRIMARY KEY (`idtipo`)
) ENGINE=InnoDB DEFAULT CHARSET=utf8mb4 COLLATE=utf8mb4_0900_ai_ci;
/*!40101 SET character_set_client = @saved_cs_client */;

--
-- Dumping data for table `tipo_usuario`
--

LOCK TABLES `tipo_usuario` WRITE;
/*!40000 ALTER TABLE `tipo_usuario` DISABLE KEYS */;
INSERT INTO `tipo_usuario` VALUES (1,'Administrador'),(2,'Bodeguero'),(3,'Gerente');
/*!40000 ALTER TABLE `tipo_usuario` ENABLE KEYS */;
UNLOCK TABLES;

--
-- Table structure for table `usuarios`
--

DROP TABLE IF EXISTS `usuarios`;
/*!40101 SET @saved_cs_client     = @@character_set_client */;
/*!50503 SET character_set_client = utf8mb4 */;
CREATE TABLE `usuarios` (
  `idUsusario` int NOT NULL AUTO_INCREMENT,
  `usuario` varchar(45) DEFAULT NULL,
  `correo` varchar(40) DEFAULT NULL,
  `contra` varchar(45) DEFAULT NULL,
  `foto` longblob,
  `productos` tinyint DEFAULT NULL,
  `marcas` tinyint DEFAULT NULL,
  `empleados` tinyint DEFAULT NULL,
  `puestos` tinyint DEFAULT NULL,
  `clientes` tinyint DEFAULT NULL,
  `proveedores` tinyint DEFAULT NULL,
  `compras` tinyint DEFAULT NULL,
  `ventas` tinyint DEFAULT NULL,
  `usuarios` tinyint DEFAULT NULL,
  PRIMARY KEY (`idUsusario`)
) ENGINE=InnoDB AUTO_INCREMENT=14 DEFAULT CHARSET=utf8mb4 COLLATE=utf8mb4_0900_ai_ci;
/*!40101 SET character_set_client = @saved_cs_client */;

--
-- Dumping data for table `usuarios`
--

LOCK TABLES `usuarios` WRITE;
/*!40000 ALTER TABLE `usuarios` DISABLE KEYS */;
INSERT INTO `usuarios` VALUES (1,'Admin','1','admin',NULL,1,1,1,1,1,1,1,1,1),(2,'Fer','2','fer123',NULL,1,0,0,0,0,0,0,1,0),(3,'Alex','3','alex123',NULL,1,1,1,1,1,1,1,1,0),(6,'Andres','Andres@gmail.com','andres',NULL,1,1,1,1,1,1,1,1,0),(7,'Fernando','ferchonando26@gmail.com','ferluan123',NULL,1,1,1,1,1,1,1,1,0);
/*!40000 ALTER TABLE `usuarios` ENABLE KEYS */;
UNLOCK TABLES;

--
-- Table structure for table `ventas`
--

DROP TABLE IF EXISTS `ventas`;
/*!40101 SET @saved_cs_client     = @@character_set_client */;
/*!50503 SET character_set_client = utf8mb4 */;
CREATE TABLE `ventas` (
  `idVenta` int NOT NULL AUTO_INCREMENT,
  `nofactura` int DEFAULT NULL,
  `serie` char(1) DEFAULT NULL,
  `fechafactura` varchar(500) DEFAULT NULL,
  `idcliente` int DEFAULT NULL,
  `idempleado` int DEFAULT NULL,
  `fechaingreso` varchar(500) DEFAULT NULL,
  PRIMARY KEY (`idVenta`)
) ENGINE=InnoDB AUTO_INCREMENT=11 DEFAULT CHARSET=utf8mb4 COLLATE=utf8mb4_0900_ai_ci;
/*!40101 SET character_set_client = @saved_cs_client */;

--
-- Dumping data for table `ventas`
--

LOCK TABLES `ventas` WRITE;
/*!40000 ALTER TABLE `ventas` DISABLE KEYS */;
INSERT INTO `ventas` VALUES (1,1,'a',NULL,NULL,NULL,NULL),(2,2,'a','Hola',6,2,NULL),(3,3,'a','Mon Nov 02 20:03:50 CST 2020',5,2,NULL),(4,4,'a','Mon Nov 02 20:06:16 CST 2020',5,2,NULL),(5,5,'a','Mon Nov 02 20:30:51 CST 2020',4,2,NULL),(6,6,'a','Mon Nov 02 20:31:34 CST 2020',6,2,NULL),(7,7,'a','Mon Nov 02 20:33:08 CST 2020',5,2,NULL),(8,8,'a','Mon Nov 02 20:37:58 CST 2020',6,2,NULL),(9,9,'a','Sat Nov 07 16:27:17 CST 2020',6,3,NULL),(10,10,'a','Mon Nov 09 15:29:54 CST 2020',6,2,NULL);
/*!40000 ALTER TABLE `ventas` ENABLE KEYS */;
UNLOCK TABLES;

--
-- Table structure for table `ventas_detalle`
--

DROP TABLE IF EXISTS `ventas_detalle`;
/*!40101 SET @saved_cs_client     = @@character_set_client */;
/*!50503 SET character_set_client = utf8mb4 */;
CREATE TABLE `ventas_detalle` (
  `idventa_detalle` int NOT NULL AUTO_INCREMENT,
  `idventa` int DEFAULT NULL,
  `producto` varchar(45) DEFAULT NULL,
  `cantidad` int DEFAULT NULL,
  `precio_unitario` decimal(8,2) DEFAULT NULL,
  PRIMARY KEY (`idventa_detalle`)
) ENGINE=InnoDB AUTO_INCREMENT=16 DEFAULT CHARSET=utf8mb4 COLLATE=utf8mb4_0900_ai_ci;
/*!40101 SET character_set_client = @saved_cs_client */;

--
-- Dumping data for table `ventas_detalle`
--

LOCK TABLES `ventas_detalle` WRITE;
/*!40000 ALTER TABLE `ventas_detalle` DISABLE KEYS */;
INSERT INTO `ventas_detalle` VALUES (1,1,'pollo',12,12.00),(2,5,'Coca lata',3,6.00),(3,5,'Coca lata',3,6.00),(4,6,'Coca lata',10,6.00),(5,6,'Coca lata',12,6.00),(6,6,'Coca lata',70,6.00),(7,7,'Coca lata',1,6.00),(8,7,'Coca lata',3,6.00),(9,8,'Coca lata',5,6.00),(10,8,'Coca lata',1,6.00),(11,9,'Coca lata',7,6.00),(12,9,'Coca lata',7,6.00),(13,9,'Coca lata',66,6.00),(14,10,'chocolates',2,0.04),(15,10,'Coca lata',2,6.00);
/*!40000 ALTER TABLE `ventas_detalle` ENABLE KEYS */;
UNLOCK TABLES;
/*!40103 SET TIME_ZONE=@OLD_TIME_ZONE */;

/*!40101 SET SQL_MODE=@OLD_SQL_MODE */;
/*!40014 SET FOREIGN_KEY_CHECKS=@OLD_FOREIGN_KEY_CHECKS */;
/*!40014 SET UNIQUE_CHECKS=@OLD_UNIQUE_CHECKS */;
/*!40101 SET CHARACTER_SET_CLIENT=@OLD_CHARACTER_SET_CLIENT */;
/*!40101 SET CHARACTER_SET_RESULTS=@OLD_CHARACTER_SET_RESULTS */;
/*!40101 SET COLLATION_CONNECTION=@OLD_COLLATION_CONNECTION */;
/*!40111 SET SQL_NOTES=@OLD_SQL_NOTES */;

-- Dump completed on 2020-11-11 17:59:34
